Source,Target,Type,Id,Label,Weight
SLC29A1,SLC7A9,Undirected,120233,,1
SLC29A1,SLC2A3,Undirected,120234,,1
SLC29A1,SLC22A4,Undirected,120237,,1
SLC29A1,MLF2,Undirected,120238,,1
SLC29A1,ADH1A,Undirected,120240,,1
SLC29A1,SLC25A1,Undirected,120241,,1
SLC29A1,SLC10A1,Undirected,120243,,1
SLC29A1,SLC52A3,Undirected,120248,,1
SLC29A1,AQP9,Undirected,120252,,1
SLC29A1,SLC1A6,Undirected,120253,,1
SLC29A1,ABHD11,Undirected,120256,,1
SLC29A1,P2RX1,Undirected,120257,,1
SLC29A1,SLC25A11,Undirected,120258,,1
SLC29A1,SLC15A3,Undirected,120260,,1
SLC29A1,SLC25A3,Undirected,120261,,1
SLC29A1,ITFG2,Undirected,120262,,1
SLC29A1,DNPH1,Undirected,120264,,1
SLC29A1,SLC6A7,Undirected,120265,,1
SLC29A1,SPARC,Undirected,120267,,1
SLC29A1,ST8SIA4,Undirected,120269,,1
SLC29A1,UMPS,Undirected,120273,,1
SLC29A1,SLC1A4,Undirected,120274,,1
SLC29A1,SLC35D1,Undirected,120275,,1
SLC29A1,SLC19A2,Undirected,120277,,1
SLC29A1,SLC5A9,Undirected,120278,,1
SLC29A1,ACOT2,Undirected,120281,,1
SLC29A1,FLVCR2,Undirected,120282,,1
SLC29A1,SLC35B1,Undirected,120283,,1
SLC29A1,GSTM2,Undirected,120284,,1
SLC29A1,CD97,Undirected,120288,,1
SLC29A1,SLC17A1,Undirected,120291,,1
SLC29A1,MRPS7,Undirected,120294,,1
SLC29A1,VASP,Undirected,120296,,1
SLC29A1,CLN6,Undirected,120302,,1
SLC29A1,CD68,Undirected,120303,,1
SLC29A1,C20orf194,Undirected,120306,,1
SLC29A1,SLC27A1,Undirected,120307,,1
SLC29A1,MRPL4,Undirected,120309,,1
SLC29A1,SLC35D2,Undirected,120310,,1
SLC29A1,PER2,Undirected,120314,,1
SLC29A1,CMPK2,Undirected,120319,,1
SLC29A1,SLCO1B1,Undirected,120320,,1
SLC29A1,NT5E,Undirected,120322,,1
SLC29A1,MFSD9,Undirected,120323,,1
SLC29A1,SLC41A2,Undirected,120324,,1
SLC29A1,SLC31A2,Undirected,120325,,1
SLC29A1,SLCO5A1,Undirected,120327,,1
SLC29A1,ABCG5,Undirected,120328,,1
SLC29A1,SLC3A1,Undirected,120329,,1
SLC29A1,PPIG,Undirected,120331,,1
SLC29A1,ABCC9,Undirected,120334,,1
SLC29A1,PFDN1,Undirected,120339,,1
SLC29A1,AP4E1,Undirected,120340,,1
SLC29A1,TELO2,Undirected,120342,,1
SLC29A1,CBFA2T2,Undirected,120345,,1
SLC29A1,SLC27A5,Undirected,120348,,1
SLC29A1,SLC10A3,Undirected,120350,,1
SLC29A1,ACCS,Undirected,120351,,1
SLC29A1,ABCB11,Undirected,120352,,1
SLC29A1,COQ10B,Undirected,120353,,1
SLC29A1,SLC1A3,Undirected,120360,,1
SLC29A1,SCAP,Undirected,120363,,1
SLC29A1,DUS4L,Undirected,120365,,1
SLC29A1,SLC6A15,Undirected,120369,,1
SLC29A1,MED9,Undirected,120371,,1
SLC29A1,EPN3,Undirected,120372,,1
SLC29A1,NPC1,Undirected,120374,,1
SLC29A1,SLC47A1,Undirected,120377,,1
SLC29A1,ABCG8,Undirected,120378,,1
SLC29A1,SLC20A1,Undirected,120379,,1
SLC29A1,ABCA12,Undirected,120380,,1
SLC29A1,SLC22A14,Undirected,120381,,1
SLC29A1,LIMD1,Undirected,120383,,1
SLC29A1,GPR128,Undirected,120384,,1
SLC29A1,EIF2B5,Undirected,120385,,1
SLC29A1,SLC10A6,Undirected,120387,,1
SLC29A1,SLC22A3,Undirected,120388,,1
SLC29A1,SLC12A9,Undirected,120391,,1
SLC29A1,ZC3HAV1L,Undirected,120392,,1
SLC29A1,DPYS,Undirected,120393,,1
SLC29A1,LRRC4C,Undirected,120395,,1
SLC29A1,SLC43A1,Undirected,120397,,1
SLC29A1,MPZL2,Undirected,120398,,1
SLC29A1,SLC13A3,Undirected,120399,,1
SLC29A1,SLC22A9,Undirected,120400,,1
SLC29A1,SLC2A13,Undirected,120402,,1
SLC29A1,GJA1,Undirected,120405,,1
SLC29A1,PANX3,Undirected,120409,,1
SLC29A1,ABCA6,Undirected,120411,,1
SLC29A1,MYO5B,Undirected,120412,,1
SLC29A1,SASS6,Undirected,120417,,1
SLC29A1,SLC45A1,Undirected,120422,,1
SLC29A1,GSTT2B,Undirected,120424,,1
SLC29A1,ZNF251,Undirected,120425,,1
SLC29A1,C7orf62,Undirected,120432,,1
SLC29A1,SLC13A4,Undirected,120433,,1
SLC29A1,NOS3,Undirected,120434,,1
SLC29A1,SLC18A2,Undirected,120436,,1
SLC29A1,HPRT1,Undirected,120437,,1
SLC29A1,PCBD1,Undirected,120438,,1
SLC29A1,TK2,Undirected,120439,,1
SLC29A1,ENTHD2,Undirected,120440,,1
SLC29A1,RRM1,Undirected,120441,,1
SLC29A1,SLC22A11,Undirected,120447,,1
SLC29A1,VAT1L,Undirected,120450,,1
SLC29A1,UGT1A6,Undirected,120451,,1
SLC29A1,ADORA2B,Undirected,120452,,1
SLC29A1,P2RY1,Undirected,120453,,1
SLC29A1,DTYMK,Undirected,120454,,1
SLC29A1,UGT1A8,Undirected,120455,,1
SLC29A1,GNB2,Undirected,120456,,1
SLC29A1,SLC6A19,Undirected,120457,,1
SLC29A1,CHST11,Undirected,120458,,1
SLC29A1,P2RY12,Undirected,120461,,1
SLC29A1,SLC19A1,Undirected,120467,,1
SLC29A1,SLCO4C1,Undirected,120470,,1
SLC29A1,HSPB7,Undirected,120471,,1
SLC29A1,SLC5A6,Undirected,120473,,1
SLC29A1,RNF26,Undirected,120481,,1
SLC29A1,SLC35C1,Undirected,120482,,1
SLC29A1,AURKB,Undirected,120484,,1
SLC29A1,KLHDC3,Undirected,120485,,1
SLC29A1,SIDT2,Undirected,120486,,1
SLC29A1,FOXR1,Undirected,120487,,1
SLC29A1,SLC28A2,Undirected,120488,,1
SLC29A1,COX5A,Undirected,120492,,1
SLC29A1,CES2,Undirected,120493,,1
SLC29A1,LINS,Undirected,120495,,1
SLC29A1,SLC35C2,Undirected,120496,,1
SLC29A1,SLC9A9,Undirected,120499,,1
SLC29A1,P2RY13,Undirected,120500,,1
SLC29A1,SLC7A8,Undirected,120501,,1
SLC29A1,SLC25A36,Undirected,120504,,1
SLC29A1,IMPDH2,Undirected,120506,,1
SLC29A1,SLC16A8,Undirected,120507,,1
SLC29A1,SLC25A22,Undirected,120508,,1
SLC29A1,SLC6A18,Undirected,120512,,1
SLC29A1,ZADH2,Undirected,120513,,1
SLC29A1,NADSYN1,Undirected,120514,,1
SLC29A1,SLC22A10,Undirected,120518,,1
SLC29A1,SLC5A2,Undirected,120519,,1
SLC29A1,ATP6V0C,Undirected,120520,,1
SLC29A1,UPP1,Undirected,120521,,1
SLC29A1,RPS27L,Undirected,120524,,1
SLC29A1,XKR3,Undirected,120525,,1
SLC29A1,PMCH,Undirected,120526,,1
SLC29A1,MFSD10,Undirected,120527,,1
SLC29A1,LAMP1,Undirected,120530,,1
SLC29A1,HSD17B13,Undirected,120531,,1
SLC29A1,SLC35D3,Undirected,120532,,1
SLC29A1,ABCC5,Undirected,120533,,1
SLC29A1,CCDC84,Undirected,120535,,1
SLC29A1,SLC51B,Undirected,120537,,1
SLC29A1,ADORA2A,Undirected,120538,,1
SLC29A1,HIP1,Undirected,120539,,1
SLC29A1,SUV39H1,Undirected,120543,,1
SLC29A1,ATP13A4,Undirected,120544,,1
SLC29A1,SLC20A2,Undirected,120548,,1
SLC29A1,MAOA,Undirected,120549,,1
SLC29A1,AGMO,Undirected,120552,,1
SLC29A1,ATP13A5,Undirected,120553,,1
SLC29A1,SLC25A15,Undirected,120554,,1
SLC29A1,IMPDH1,Undirected,120558,,1
SLC29A1,HTR3A,Undirected,120563,,1
SLC29A1,SLC17A5,Undirected,120564,,1
SLC29A1,UPF2,Undirected,120566,,1
SLC29A1,ABCD4,Undirected,120567,,1
SLC29A1,DCTD,Undirected,120568,,1
SLC29A1,SLC29A2,Undirected,120571,,1
SLC29A1,ATP2B4,Undirected,120572,,1
SLC29A1,MCTP2,Undirected,120573,,1
SLC29A1,PRIM1,Undirected,120574,,1
SLC29A1,SUSD2,Undirected,120575,,1
SLC29A1,P2RX4,Undirected,120579,,1
SLC29A1,SLC6A9,Undirected,120583,,1
SLC29A1,ENPP1,Undirected,120584,,1
SLC29A1,PNP,Undirected,120587,,1
SLC29A1,SLC39A13,Undirected,120588,,1
SLC29A1,DRD2,Undirected,120589,,1
SLC29A1,CD47,Undirected,120591,,1
SLC29A1,NTPCR,Undirected,120592,,1
SLC29A1,PARP1,Undirected,120593,,1
SLC29A1,SLC22A2,Undirected,120595,,1
SLC29A1,SLC41A1,Undirected,120598,,1
SLC29A1,B3GALT2,Undirected,120602,,1
SLC29A1,RPS27,Undirected,120607,,1
SLC29A1,KIAA1919,Undirected,120609,,1
SLC29A1,SLC16A10,Undirected,120610,,1
SLC29A1,SLC22A15,Undirected,120614,,1
SLC29A1,SLC35A1,Undirected,120616,,1
SLC29A1,ADORA3,Undirected,120617,,1
SLC29A1,GSTM4,Undirected,120619,,1
SLC29A1,HIAT1,Undirected,120620,,1
SLC29A1,SLC35A3,Undirected,120621,,1
SLC29A1,DPYD,Undirected,120622,,2
SLC29A1,SLC17A9,Undirected,120624,,1
SLC29A1,ENTPD7,Undirected,120626,,1
SLC29A1,SLC44A5,Undirected,120628,,1
SLC29A1,ENTPD1,Undirected,120629,,1
SLC29A1,SLC25A5,Undirected,120633,,1
SLC29A1,SLC2A6,Undirected,120636,,1
SLC29A1,ABCC10,Undirected,120639,,1
SLC29A1,SLC22A7,Undirected,120640,,1
SLC29A1,ADA,Undirected,120643,,1
SLC29A1,SLC29A3,Undirected,120644,,1
SLC29A1,SLC2A8,Undirected,120647,,1
SLC29A1,GPR21,Undirected,120652,,1
SLC29A1,ROMO1,Undirected,120653,,1
SLC29A1,SLC31A1,Undirected,120654,,1
SLC29A1,SLC46A2,Undirected,120655,,1
SLC29A1,P2RY4,Undirected,120656,,1
SLC29A1,ALPL,Undirected,120660,,1
SLC29A1,APEX2,Undirected,120661,,1
SLC29A1,HIATL1,Undirected,120665,,1
SLC29A1,DXO,Undirected,120666,,1
SLC29A1,MTHFR,Undirected,120673,,1
SLC29A1,ABCC4,Undirected,120674,,1
SLC29A1,CTNNBIP1,Undirected,120675,,1
SLC29A1,SLC39A12,Undirected,120677,,1
SLC29A1,SLC17A2,Undirected,120680,,1
SLC29A1,SUCLA2,Undirected,120686,,1
SLC29A1,BCAP29,Undirected,120687,,1
SLC29A1,XDH,Undirected,120689,,1
SLC29A1,SLC35B3,Undirected,120690,,1
SLC29A1,CYP1A1,Undirected,120691,,1
SLC29A1,MTAP,Undirected,120696,,1
SLC29A1,SLC46A3,Undirected,120700,,1
SLC29A1,DUT,Undirected,120701,,1
SLC29A1,SLC5A3,Undirected,120702,,1
SLC29A1,SLC34A2,Undirected,120704,,1
SLC29A1,CD9,Undirected,120705,,1
SLC29A1,SLC7A4,Undirected,120707,,1
SLC29A1,AQP4,Undirected,120708,,1
SLC29A1,NT5M,Undirected,120710,,1
SLC29A1,TFPT,Undirected,120711,,1
SLC29A1,TECTA,Undirected,120714,,1
SLC29A1,SLC33A1,Undirected,120715,,1
SLC29A1,ABCC11,Undirected,120722,,1
SLC29A1,SLC9B2,Undirected,120723,,1
SLC29A1,PFDN6,Undirected,120726,,1
SLC29A1,TYMP,Undirected,120729,,1
SLC29A1,SLC5A12,Undirected,120730,,1
SLC29A1,AMPD3,Undirected,120731,,1
SLC29A1,SLC29A4,Undirected,120732,,1
SLC29A1,SLC17A3,Undirected,120733,,1
SLC29A1,ART5,Undirected,120734,,1
SLC29A1,SLC7A7,Undirected,120739,,1
SLC29A1,SLC25A45,Undirected,120743,,1
SLC29A1,ABCC1,Undirected,120746,,1
SLC29A1,MFSD7,Undirected,120750,,1
SLC29A1,ABCB5,Undirected,120751,,1
SLC29A1,AAK1,Undirected,120757,,1
SLC29A1,FUT2,Undirected,120758,,1
SLC29A1,SEC61G,Undirected,120761,,1
SLC29A1,SLC25A12,Undirected,120763,,1
SLC29A1,SLC13A2,Undirected,120765,,1
SLC29A1,FCHO2,Undirected,120767,,1
SLC29A1,SLC25A13,Undirected,120772,,1
SLC29A1,RPF2,Undirected,120774,,1
SLC29A1,MFSD1,Undirected,120775,,1
SLC29A1,SVOPL,Undirected,120776,,1
SLC29A1,CDC45,Undirected,120777,,1
SLC29A1,PAPSS2,Undirected,120779,,1
SLC29A1,NAPEPLD,Undirected,120784,,1
SLC29A1,LAMP2,Undirected,120786,,1
SLC29A1,IFNL3,Undirected,120787,,1
SLC29A1,ABCA13,Undirected,120788,,1
SLC29A1,BCS1L,Undirected,120791,,1
SLC29A1,RCOR3,Undirected,120792,,1
SLC29A1,SLC2A1,Undirected,120793,,2
SLC29A1,SLC9A8,Undirected,120794,,1
SLC29A1,ENSG00000250349,Undirected,120796,,1
SLC29A1,SLC35A5,Undirected,120799,,1
SLC29A1,SLC4A2,Undirected,120803,,1
HIF1A,PSMA4,Undirected,126186,,1
HIF1A,SLC2A3,Undirected,126189,,1
HIF1A,ASNS,Undirected,126206,,1
HIF1A,CA12,Undirected,126208,,1
HIF1A,MT3,Undirected,126216,,1
HIF1A,UQCRC1,Undirected,126220,,1
HIF1A,TFAP4,Undirected,126222,,1
HIF1A,DLD,Undirected,126225,,1
HIF1A,KLHL20,Undirected,126227,,1
HIF1A,MZF1,Undirected,126234,,1
HIF1A,SLC25A1,Undirected,126243,,1
HIF1A,TXN2,Undirected,126249,,1
HIF1A,ST13,Undirected,126250,,1
HIF1A,ACO2,Undirected,126252,,1
HIF1A,PYGL,Undirected,126257,,1
HIF1A,MAZ,Undirected,126284,,1
HIF1A,AQP9,Undirected,126285,,1
HIF1A,RETN,Undirected,126297,,1
HIF1A,PON1,Undirected,126305,,1
HIF1A,OGDH,Undirected,126314,,1
HIF1A,PLOD3,Undirected,126317,,1
HIF1A,PPIF,Undirected,126320,,1
HIF1A,SHPK,Undirected,126324,,1
HIF1A,HLF,Undirected,126331,,1
HIF1A,ALDOC,Undirected,126334,,1
HIF1A,CD82,Undirected,126341,,1
HIF1A,LTA4H,Undirected,126351,,1
HIF1A,TPI1,Undirected,126357,,1
HIF1A,GCLC,Undirected,126360,,1
HIF1A,GPLD1,Undirected,126362,,1
HIF1A,SPARC,Undirected,126366,,1
HIF1A,SLC11A1,Undirected,126383,,1
HIF1A,ACADL,Undirected,126385,,1
HIF1A,PKD2,Undirected,126403,,1
HIF1A,CRIPT,Undirected,126408,,1
HIF1A,KCNJ8,Undirected,126416,,1
HIF1A,NAA50,Undirected,126418,,1
HIF1A,NEUROG3,Undirected,126426,,1
HIF1A,CD97,Undirected,126430,,1
HIF1A,PLA2G12A,Undirected,126436,,1
HIF1A,LIPE,Undirected,126443,,1
HIF1A,MRPS7,Undirected,126458,,1
HIF1A,VASP,Undirected,126461,,1
HIF1A,SCRT2,Undirected,126463,,1
HIF1A,DLL4,Undirected,126483,,1
HIF1A,CD68,Undirected,126486,,1
HIF1A,ALOX12,Undirected,126495,,1
HIF1A,SLC27A1,Undirected,126505,,1
HIF1A,MRPL4,Undirected,126516,,1
HIF1A,ACSS2,Undirected,126518,,1
HIF1A,GFPT2,Undirected,126521,,1
HIF1A,NR0B2,Undirected,126525,,1
HIF1A,PER2,Undirected,126529,,1
HIF1A,HILPDA,Undirected,126556,,1
HIF1A,NT5E,Undirected,126558,,1
HIF1A,CAB39,Undirected,126565,,1
HIF1A,COX5B,Undirected,126566,,1
HIF1A,IREB2,Undirected,126569,,1
HIF1A,DCUN1D5,Undirected,126586,,1
HIF1A,SQRDL,Undirected,126590,,1
HIF1A,ADAM10,Undirected,126592,,1
HIF1A,KHK,Undirected,126593,,1
HIF1A,SLC3A1,Undirected,126594,,1
HIF1A,PPIG,Undirected,126597,,1
HIF1A,TBC1D1,Undirected,126613,,1
HIF1A,COX10,Undirected,126618,,1
HIF1A,KPNA3,Undirected,126619,,1
HIF1A,SEMA7A,Undirected,126627,,1
HIF1A,SMARCD3,Undirected,126641,,1
HIF1A,WSB1,Undirected,126657,,1
HIF1A,MLYCD,Undirected,126660,,1
HIF1A,ATRN,Undirected,126678,,1
HIF1A,UFD1L,Undirected,126689,,1
HIF1A,MED15,Undirected,126690,,1
HIF1A,COMMD9,Undirected,126703,,1
HIF1A,PRKCG,Undirected,126705,,1
HIF1A,MXD1,Undirected,126740,,1
HIF1A,NEIL3,Undirected,126744,,1
HIF1A,THRA,Undirected,126748,,1
HIF1A,NNT,Undirected,126750,,1
HIF1A,CAD,Undirected,126752,,1
HIF1A,VCAN,Undirected,126766,,1
HIF1A,SLC1A3,Undirected,126768,,1
HIF1A,SEMA3C,Undirected,126775,,1
HIF1A,SCAP,Undirected,126784,,1
HIF1A,ARNTL2,Undirected,126799,,1
HIF1A,LYSMD2,Undirected,126812,,1
HIF1A,COMMD4,Undirected,126815,,1
HIF1A,UQCRC2,Undirected,126823,,1
HIF1A,CBFA2T3,Undirected,126829,,1
HIF1A,G6PC3,Undirected,126831,,1
HIF1A,C18orf8,Undirected,126834,,1
HIF1A,SAT2,Undirected,126835,,1
HIF1A,PFKL,Undirected,126842,,1
HIF1A,PPFIA4,Undirected,126855,,1
HIF1A,HES6,Undirected,126860,,1
HIF1A,CNPY2,Undirected,126862,,1
HIF1A,LIMD1,Undirected,126863,,1
HIF1A,COMMD10,Undirected,126873,,1
HIF1A,SLC2A12,Undirected,126879,,1
HIF1A,NONO,Undirected,126883,,1
HIF1A,CRH,Undirected,126887,,1
HIF1A,MRPS28,Undirected,126888,,1
HIF1A,GLUD1,Undirected,126895,,1
HIF1A,HMBS,Undirected,126901,,1
HIF1A,COMMD7,Undirected,126904,,1
HIF1A,AIP,Undirected,126905,,1
HIF1A,IL18,Undirected,126909,,1
HIF1A,PTS,Undirected,126910,,1
HIF1A,LDHAL6A,Undirected,126914,,1
HIF1A,BICD1,Undirected,126918,,1
HIF1A,MED13L,Undirected,126921,,1
HIF1A,GPD1L,Undirected,126932,,1
HIF1A,GJA1,Undirected,126933,,1
HIF1A,RPIA,Undirected,126940,,1
HIF1A,CA3,Undirected,126955,,1
HIF1A,NAA11,Undirected,126972,,1
HIF1A,SST,Undirected,126974,,1
HIF1A,THTPA,Undirected,126979,,1
HIF1A,KIT,Undirected,126980,,1
HIF1A,CBR1,Undirected,126993,,1
HIF1A,MCAT,Undirected,126995,,1
HIF1A,HK3,Undirected,127009,,1
HIF1A,SOX8,Undirected,127025,,1
HIF1A,CHCHD4,Undirected,127049,,1
HIF1A,EIF5A2,Undirected,127051,,1
HIF1A,PF4,Undirected,127057,,1
HIF1A,EMCN,Undirected,127067,,1
HIF1A,NAA15,Undirected,127073,,1
HIF1A,NDUFS4,Undirected,127077,,1
HIF1A,CREBRF,Undirected,127085,,1
HIF1A,NOS3,Undirected,127091,,1
HIF1A,AQP7,Undirected,127097,,1
HIF1A,NGB,Undirected,127101,,1
HIF1A,FRMD7,Undirected,127103,,1
HIF1A,HPRT1,Undirected,127105,,1
HIF1A,NDUFB8,Undirected,127112,,1
HIF1A,IDH3A,Undirected,127113,,1
HIF1A,ANPEP,Undirected,127118,,1
HIF1A,TUBA1A,Undirected,127133,,1
HIF1A,SOX7,Undirected,127146,,1
HIF1A,LDHAL6B,Undirected,127154,,1
HIF1A,MAT2A,Undirected,127168,,1
HIF1A,ADORA2B,Undirected,127183,,1
HIF1A,FASN,Undirected,127184,,1
HIF1A,UGT1A8,Undirected,127187,,1
HIF1A,ATP6V1E2,Undirected,127188,,1
HIF1A,CEBPB,Undirected,127196,,1
HIF1A,FEN1,Undirected,127197,,1
HIF1A,SYNPO2,Undirected,127203,,1
HIF1A,KCNK3,Undirected,127209,,1
HIF1A,HAS2,Undirected,127221,,1
HIF1A,ASL,Undirected,127224,,1
HIF1A,PDHB,Undirected,127227,,1
HIF1A,CD248,Undirected,127237,,1
HIF1A,COMMD1,Undirected,127239,,1
HIF1A,UTP23,Undirected,127240,,1
HIF1A,CA5A,Undirected,127257,,1
HIF1A,ADAM17,Undirected,127260,,1
HIF1A,GLS2,Undirected,127265,,1
HIF1A,SART1,Undirected,127266,,1
HIF1A,STOX2,Undirected,127276,,1
HIF1A,PROP1,Undirected,127278,,1
HIF1A,AOC3,Undirected,127292,,1
HIF1A,AURKB,Undirected,127307,,1
HIF1A,PER1,Undirected,127312,,1
HIF1A,APBA3,Undirected,127318,,1
HIF1A,D2HGDH,Undirected,127319,,1
HIF1A,ZNF609,Undirected,127328,,1
HIF1A,ACSS1,Undirected,127331,,1
HIF1A,OS9,Undirected,127341,,1
HIF1A,SUMO4,Undirected,127345,,1
HIF1A,TMEM45A,Undirected,127348,,1
HIF1A,CYBRD1,Undirected,127350,,1
HIF1A,GPR4,Undirected,127354,,1
HIF1A,TALDO1,Undirected,127371,,1
HIF1A,SLC16A8,Undirected,127377,,1
HIF1A,COQ7,Undirected,127381,,1
HIF1A,HMGCS1,Undirected,127387,,1
HIF1A,SLC2A2,Undirected,127392,,1
HIF1A,UBE2O,Undirected,127395,,1
HIF1A,UCP3,Undirected,127397,,1
HIF1A,ENO3,Undirected,127402,,1
HIF1A,SEMA6D,Undirected,127410,,1
HIF1A,PTPMT1,Undirected,127422,,1
HIF1A,SLC5A2,Undirected,127442,,1
HIF1A,TOP1MT,Undirected,127450,,1
HIF1A,ATP6V0C,Undirected,127457,,1
HIF1A,PDGFB,Undirected,127464,,1
HIF1A,RNLS,Undirected,127489,,1
HIF1A,LAMP1,Undirected,127495,,1
HIF1A,MTA1,Undirected,127497,,1
HIF1A,SHMT2,Undirected,127498,,1
HIF1A,ABCC5,Undirected,127501,,1
HIF1A,KDM4D,Undirected,127506,,1
HIF1A,ANKRD37,Undirected,127513,,1
HIF1A,ENTPD5,Undirected,127515,,1
HIF1A,GSTA1,Undirected,127517,,1
HIF1A,ADORA2A,Undirected,127520,,1
HIF1A,EDN3,Undirected,127529,,1
HIF1A,SUV39H1,Undirected,127540,,1
HIF1A,NPAS2,Undirected,127544,,1
HIF1A,YTHDC1,Undirected,127555,,1
HIF1A,NDUFA4,Undirected,127557,,1
HIF1A,ACSL4,Undirected,127559,,1
HIF1A,TRIM24,Undirected,127569,,1
HIF1A,NMNAT3,Undirected,127570,,1
HIF1A,MAOA,Undirected,127573,,1
HIF1A,ADIPOR1,Undirected,127590,,1
HIF1A,CS,Undirected,127595,,1
HIF1A,MAFK,Undirected,127636,,1
HIF1A,PDE4D,Undirected,127644,,1
HIF1A,COPS8,Undirected,127656,,1
HIF1A,GABPA,Undirected,127665,,1
HIF1A,TMEM207,Undirected,127666,,1
HIF1A,HTT,Undirected,127672,,1
HIF1A,MAGEA11,Undirected,127674,,1
HIF1A,COMMD6,Undirected,127682,,1
HIF1A,SH3PXD2A,Undirected,127687,,1
HIF1A,HNRNPH1,Undirected,127695,,1
HIF1A,PTBP1,Undirected,127698,,1
HIF1A,GFPT1,Undirected,127708,,1
HIF1A,SLC29A2,Undirected,127711,,1
HIF1A,BCO2,Undirected,127714,,1
HIF1A,CREB5,Undirected,127715,,1
HIF1A,ARNT,Undirected,127731,,1
HIF1A,NAE1,Undirected,127744,,1
HIF1A,SLC39A14,Undirected,127754,,1
HIF1A,TPK1,Undirected,127758,,1
HIF1A,CUX1,Undirected,127761,,1
HIF1A,UBA3,Undirected,127774,,1
HIF1A,MICU1,Undirected,127776,,1
HIF1A,COMT,Undirected,127780,,1
HIF1A,OPA1,Undirected,127789,,1
HIF1A,AKAP13,Undirected,127791,,1
HIF1A,DDIT4L,Undirected,127793,,1
HIF1A,GAB2,Undirected,127799,,1
HIF1A,CD47,Undirected,127811,,1
HIF1A,TSNAX,Undirected,127816,,1
HIF1A,JMJD4,Undirected,127822,,1
HIF1A,PARP1,Undirected,127825,,1
HIF1A,KDM5B,Undirected,127841,,1
HIF1A,GLRX2,Undirected,127844,,1
HIF1A,CEP350,Undirected,127851,,1
HIF1A,HBS1L,Undirected,127856,,1
HIF1A,ATF6,Undirected,127862,,1
HIF1A,NR1I3,Undirected,127867,,1
HIF1A,NDUFS2,Undirected,127868,,1
HIF1A,CREB3L4,Undirected,127890,,1
HIF1A,AMD1,Undirected,127900,,1
HIF1A,CDK19,Undirected,127901,,1
HIF1A,CA14,Undirected,127911,,1
HIF1A,HIST2H2AA,Undirected,127913,,1
HIF1A,HSD3B1,Undirected,127922,,1
HIF1A,RRAGD,Undirected,127923,,1
HIF1A,SMNDC1,Undirected,127928,,1
HIF1A,ME1,Undirected,127930,,1
HIF1A,ADORA3,Undirected,127932,,1
HIF1A,KCNA10,Undirected,127934,,1
HIF1A,HIAT1,Undirected,127942,,1
HIF1A,DPYD,Undirected,127944,,1
HIF1A,HSFX1,Undirected,127953,,1
HIF1A,SOX3,Undirected,127956,,1
HIF1A,ACADM,Undirected,127963,,1
HIF1A,PGAM1,Undirected,127966,,1
HIF1A,PGM1,Undirected,127968,,1
HIF1A,ANGPTL3,Undirected,127970,,1
HIF1A,ENTPD1,Undirected,127974,,1
HIF1A,DHCR24,Undirected,127977,,1
HIF1A,MCTS1,Undirected,127978,,1
HIF1A,RCAN2,Undirected,127979,,1
HIF1A,NDUFA1,Undirected,127980,,1
HIF1A,SLC25A5,Undirected,127986,,1
HIF1A,KCNB1,Undirected,127991,,1
HIF1A,SLC2A6,Undirected,127993,,1
HIF1A,MKNK1,Undirected,127995,,1
HIF1A,SURF1,Undirected,127997,,1
HIF1A,KDM4A,Undirected,128008,,1
HIF1A,CDC20,Undirected,128009,,1
HIF1A,CITED4,Undirected,128016,,1
HIF1A,ADA,Undirected,128022,,1
HIF1A,NOX1,Undirected,128023,,1
HIF1A,TNMD,Undirected,128029,,1
HIF1A,MTF1,Undirected,128030,,1
HIF1A,MCU,Undirected,128031,,1
HIF1A,SLC2A8,Undirected,128045,,1
HIF1A,SLC31A1,Undirected,128069,,1
HIF1A,EIF6,Undirected,128077,,1
HIF1A,ALPL,Undirected,128092,,1
HIF1A,ALDOB,Undirected,128093,,1
HIF1A,PFKFB1,Undirected,128098,,1
HIF1A,FAM120C,Undirected,128103,,1
HIF1A,TNFSF13B,Undirected,128124,,1
HIF1A,COX4I2,Undirected,128126,,1
HIF1A,CCDC22,Undirected,128129,,1
HIF1A,GKAP1,Undirected,128132,,1
HIF1A,NPPA,Undirected,128134,,1
HIF1A,CTTN,Undirected,128137,,1
HIF1A,MTHFR,Undirected,128139,,1
HIF1A,RBM3,Undirected,128142,,1
HIF1A,COMMD3,Undirected,128143,,1
HIF1A,ABCC4,Undirected,128144,,1
HIF1A,FTL,Undirected,128155,,1
HIF1A,IRG1,Undirected,128159,,1
HIF1A,KDM6A,Undirected,128172,,1
HIF1A,RGCC,Undirected,128193,,1
HIF1A,XDH,Undirected,128199,,1
HIF1A,CYP1A1,Undirected,128207,,1
HIF1A,PDHA1,Undirected,128211,,1
HIF1A,NDUFB6,Undirected,128213,,1
HIF1A,HBG2,Undirected,128224,,1
HIF1A,RRAGA,Undirected,128229,,1
HIF1A,BNIP3L,Undirected,128231,,1
HIF1A,PFKP,Undirected,128247,,1
HIF1A,COMMD8,Undirected,128259,,1
HIF1A,AK3,Undirected,128264,,1
HIF1A,TP53BP1,Undirected,128267,,1
HIF1A,VLDLR,Undirected,128269,,1
HIF1A,CD9,Undirected,128275,,1
HIF1A,AQP4,Undirected,128282,,1
HIF1A,RPL13A,Undirected,128298,,1
HIF1A,CPT1C,Undirected,128309,,1
HIF1A,BANP,Undirected,128318,,1
HIF1A,TSGA10,Undirected,128325,,1
HIF1A,NDUFA4L2,Undirected,128331,,1
HIF1A,SLC29A1,Undirected,128332,,1
HIF1A,MOSPD3,Undirected,128334,,1
HIF1A,MTHFD2,Undirected,128336,,1
HIF1A,SENP7,Undirected,128337,,1
HIF1A,GPC3,Undirected,128343,,1
HIF1A,DNAJA4,Undirected,128354,,1
HIF1A,SMARCD1,Undirected,128359,,1
HIF1A,ALAS1,Undirected,128360,,1
HIF1A,ALDOA,Undirected,128365,,1
HIF1A,AK4,Undirected,128368,,1
HIF1A,PSPH,Undirected,128369,,1
HIF1A,CPT1B,Undirected,128376,,1
HIF1A,TYMP,Undirected,128377,,1
HIF1A,LDHB,Undirected,128392,,1
HIF1A,CCHCR1,Undirected,128395,,1
HIF1A,RGN,Undirected,128418,,1
HIF1A,MED13,Undirected,128431,,1
HIF1A,SOCS6,Undirected,128434,,1
HIF1A,CBSL,Undirected,128437,,1
HIF1A,ENSG00000274276,Undirected,128438,,1
HIF1A,CAMK2A,Undirected,128440,,1
HIF1A,MGARP,Undirected,128450,,1
HIF1A,SEPT7,Undirected,128452,,1
HIF1A,ABCC1,Undirected,128456,,1
HIF1A,SIAH3,Undirected,128470,,1
HIF1A,SLC2A7,Undirected,128473,,1
HIF1A,HCRTR1,Undirected,128485,,1
HIF1A,ESRRA,Undirected,128495,,1
HIF1A,ABCB5,Undirected,128497,,1
HIF1A,RAD54L2,Undirected,128516,,1
HIF1A,KDM3A,Undirected,128518,,1
HIF1A,ATG9A,Undirected,128520,,1
HIF1A,RBM4,Undirected,128526,,1
HIF1A,RARG,Undirected,128540,,1
HIF1A,HCAR1,Undirected,128547,,1
HIF1A,SEMA5B,Undirected,128551,,1
HIF1A,ATP5J,Undirected,128553,,1
HIF1A,KSR2,Undirected,128554,,1
HIF1A,DCUN1D4,Undirected,128556,,1
HIF1A,SLC4A4,Undirected,128572,,1
HIF1A,MECP2,Undirected,128581,,1
HIF1A,TOP2B,Undirected,128586,,1
HIF1A,LPIN1,Undirected,128592,,1
HIF1A,DOHH,Undirected,128603,,1
HIF1A,NBEAL1,Undirected,128611,,1
HIF1A,PAN2,Undirected,128624,,1
HIF1A,TMED7,Undirected,128650,,1
HIF1A,PAPSS2,Undirected,128652,,1
HIF1A,LAMP2,Undirected,128661,,1
HIF1A,WSB2,Undirected,128665,,1
HIF1A,GBE1,Undirected,128675,,1
HIF1A,PGAM4,Undirected,128680,,1
HIF1A,ZFHX2,Undirected,128685,,1
HIF1A,MST1,Undirected,128688,,1
HIF1A,PTBP3,Undirected,128691,,1
HIF1A,SLC2A1,Undirected,128696,,1
HIF1A,ACTBL2,Undirected,128699,,1
HIF1A,ENSG00000250349,Undirected,128701,,1
HIF1A,GPR143,Undirected,128703,,1
HIF1A,HFE,Undirected,128705,,1
HIF1A,DCUN1D2,Undirected,128709,,1
HIF1A,COMMD2,Undirected,128728,,1
SLC2A1,SPATA20,Undirected,150406,,1
SLC2A1,SLC7A9,Undirected,150408,,1
SLC2A1,OTC,Undirected,150411,,1
SLC2A1,VAMP3,Undirected,150412,,1
SLC2A1,ASNS,Undirected,150417,,1
SLC2A1,CA12,Undirected,150419,,1
SLC2A1,SLC22A4,Undirected,150425,,1
SLC2A1,SPG21,Undirected,150428,,1
SLC2A1,DLD,Undirected,150430,,1
SLC2A1,XYLB,Undirected,150431,,1
SLC2A1,NDUFB7,Undirected,150434,,1
SLC2A1,SLC25A1,Undirected,150438,,1
SLC2A1,TXN2,Undirected,150444,,1
SLC2A1,ACO2,Undirected,150446,,1
SLC2A1,PYGL,Undirected,150448,,1
SLC2A1,SLC10A1,Undirected,150450,,1
SLC2A1,PYGB,Undirected,150455,,1
SLC2A1,IDH3G,Undirected,150458,,1
SLC2A1,FA2H,Undirected,150466,,1
SLC2A1,HSDL1,Undirected,150467,,1
SLC2A1,AQP9,Undirected,150472,,1
SLC2A1,RETN,Undirected,150479,,1
SLC2A1,SLC1A6,Undirected,150480,,1
SLC2A1,GCDH,Undirected,150484,,1
SLC2A1,ARRDC2,Undirected,150486,,1
SLC2A1,OGDH,Undirected,150494,,1
SLC2A1,MEST,Undirected,150497,,1
SLC2A1,YKT6,Undirected,150499,,1
SLC2A1,PPIF,Undirected,150500,,1
SLC2A1,RPL19,Undirected,150501,,1
SLC2A1,SHPK,Undirected,150502,,1
SLC2A1,PNPO,Undirected,150503,,1
SLC2A1,ALDOC,Undirected,150509,,1
SLC2A1,SLC15A3,Undirected,150515,,1
SLC2A1,SLC25A3,Undirected,150518,,1
SLC2A1,LTA4H,Undirected,150521,,1
SLC2A1,TPI1,Undirected,150525,,1
SLC2A1,GCLC,Undirected,150529,,1
SLC2A1,SNX3,Undirected,150531,,1
SLC2A1,ZBTB24,Undirected,150532,,1
SLC2A1,TMEM30A,Undirected,150533,,1
SLC2A1,HAND1,Undirected,150535,,1
SLC2A1,LNPEP,Undirected,150536,,1
SLC2A1,EHHADH,Undirected,150542,,1
SLC2A1,NPRL2,Undirected,150545,,1
SLC2A1,SLC11A1,Undirected,150546,,1
SLC2A1,ACADL,Undirected,150548,,1
SLC2A1,SLC1A4,Undirected,150553,,1
SLC2A1,SLC19A2,Undirected,150557,,1
SLC2A1,SLC5A9,Undirected,150559,,1
SLC2A1,ACOT2,Undirected,150565,,1
SLC2A1,FLVCR2,Undirected,150566,,1
SLC2A1,SLC35B1,Undirected,150572,,1
SLC2A1,KCNJ8,Undirected,150574,,1
SLC2A1,NEUROG3,Undirected,150580,,1
SLC2A1,ACADS,Undirected,150581,,1
SLC2A1,SLC36A1,Undirected,150585,,1
SLC2A1,LIPE,Undirected,150588,,1
SLC2A1,SLC17A1,Undirected,150589,,1
SLC2A1,MRPS7,Undirected,150595,,1
SLC2A1,NECAB3,Undirected,150597,,1
SLC2A1,DLL4,Undirected,150609,,1
SLC2A1,CD68,Undirected,150612,,1
SLC2A1,AANAT,Undirected,150614,,1
SLC2A1,NCAN,Undirected,150623,,1
SLC2A1,SLC27A1,Undirected,150625,,1
SLC2A1,PGLS,Undirected,150626,,1
SLC2A1,SLC6A8,Undirected,150634,,1
SLC2A1,SLC7A10,Undirected,150635,,1
SLC2A1,ACSS2,Undirected,150636,,1
SLC2A1,GFPT2,Undirected,150638,,1
SLC2A1,THAP1,Undirected,150642,,1
SLC2A1,PEMT,Undirected,150650,,1
SLC2A1,SCO1,Undirected,150651,,1
SLC2A1,SLCO1B1,Undirected,150664,,1
SLC2A1,HILPDA,Undirected,150669,,1
SLC2A1,NT5E,Undirected,150670,,1
SLC2A1,SLC19A3,Undirected,150674,,1
SLC2A1,CAB39,Undirected,150675,,1
SLC2A1,COX5B,Undirected,150676,,1
SLC2A1,SLC41A2,Undirected,150678,,1
SLC2A1,IREB2,Undirected,150679,,1
SLC2A1,TACO1,Undirected,150680,,1
SLC2A1,SLC31A2,Undirected,150682,,1
SLC2A1,ADAM10,Undirected,150688,,1
SLC2A1,KHK,Undirected,150689,,1
SLC2A1,ABCG5,Undirected,150690,,1
SLC2A1,SLC3A1,Undirected,150691,,1
SLC2A1,PPIG,Undirected,150692,,1
SLC2A1,XYLT1,Undirected,150699,,1
SLC2A1,TBC1D1,Undirected,150701,,1
SLC2A1,COX10,Undirected,150703,,1
SLC2A1,TM9SF1,Undirected,150708,,1
SLC2A1,WSB1,Undirected,150723,,1
SLC2A1,MLYCD,Undirected,150725,,1
SLC2A1,POF1B,Undirected,150733,,1
SLC2A1,KCNN4,Undirected,150735,,1
SLC2A1,SLC27A5,Undirected,150739,,1
SLC2A1,ABCA7,Undirected,150740,,1
SLC2A1,SIAE,Undirected,150752,,1
SLC2A1,ABCB11,Undirected,150760,,1
SLC2A1,LCAT,Undirected,150767,,1
SLC2A1,LCT,Undirected,150777,,1
SLC2A1,NEIL3,Undirected,150786,,1
SLC2A1,CAD,Undirected,150792,,1
SLC2A1,GCKR,Undirected,150795,,1
SLC2A1,VCAN,Undirected,150809,,1
SLC2A1,SLC1A3,Undirected,150811,,1
SLC2A1,SCAP,Undirected,150821,,1
SLC2A1,CLCN2,Undirected,150822,,1
SLC2A1,ALDH8A1,Undirected,150823,,1
SLC2A1,SLC6A15,Undirected,150840,,1
SLC2A1,ARRDC4,Undirected,150851,,1
SLC2A1,UQCRC2,Undirected,150853,,1
SLC2A1,G6PC3,Undirected,150858,,1
SLC2A1,PFKL,Undirected,150864,,1
SLC2A1,SLC47A1,Undirected,150867,,1
SLC2A1,SLC44A3,Undirected,150870,,1
SLC2A1,ABCG8,Undirected,150872,,1
SLC2A1,SLC20A1,Undirected,150873,,1
SLC2A1,SLC4A3,Undirected,150875,,1
SLC2A1,PNKD,Undirected,150876,,1
SLC2A1,CYP39A1,Undirected,150883,,1
SLC2A1,SLC2A12,Undirected,150884,,1
SLC2A1,SLC22A3,Undirected,150885,,1
SLC2A1,KCTD7,Undirected,150888,,1
SLC2A1,CRH,Undirected,150891,,1
SLC2A1,GLUD1,Undirected,150896,,1
SLC2A1,SLC43A1,Undirected,150898,,1
SLC2A1,HMBS,Undirected,150900,,1
SLC2A1,SLC13A3,Undirected,150901,,1
SLC2A1,SLC22A9,Undirected,150902,,1
SLC2A1,DLAT,Undirected,150903,,1
SLC2A1,IL18,Undirected,150904,,1
SLC2A1,LDHAL6A,Undirected,150907,,1
SLC2A1,SLC2A13,Undirected,150908,,1
SLC2A1,THRSP,Undirected,150910,,1
SLC2A1,VPS26B,Undirected,150912,,1
SLC2A1,GJA1,Undirected,150918,,1
SLC2A1,RPIA,Undirected,150920,,1
SLC2A1,ACAA2,Undirected,150928,,1
SLC2A1,SST,Undirected,150939,,1
SLC2A1,KIT,Undirected,150945,,1
SLC2A1,SLC45A1,Undirected,150953,,1
SLC2A1,ATP5O,Undirected,150956,,1
SLC2A1,HK3,Undirected,150966,,1
SLC2A1,CPSF4,Undirected,150967,,1
SLC2A1,ALDH16A1,Undirected,150972,,1
SLC2A1,RHCE,Undirected,150980,,1
SLC2A1,AGL,Undirected,150982,,1
SLC2A1,EMCN,Undirected,151001,,1
SLC2A1,GRIA2,Undirected,151005,,1
SLC2A1,NDUFS4,Undirected,151007,,1
SLC2A1,FABP5,Undirected,151012,,1
SLC2A1,PGAM2,Undirected,151015,,1
SLC2A1,NOS3,Undirected,151017,,1
SLC2A1,AQP7,Undirected,151020,,1
SLC2A1,NGB,Undirected,151024,,1
SLC2A1,HPRT1,Undirected,151027,,1
SLC2A1,NDUFB8,Undirected,151032,,1
SLC2A1,IDH3A,Undirected,151033,,1
SLC2A1,LDHD,Undirected,151039,,1
SLC2A1,ANPEP,Undirected,151041,,1
SLC2A1,EPB42,Undirected,151044,,1
SLC2A1,RRM1,Undirected,151047,,1
SLC2A1,TUBA1A,Undirected,151051,,1
SLC2A1,GPD1,Undirected,151052,,1
SLC2A1,PRODH2,Undirected,151053,,1
SLC2A1,ATP5H,Undirected,151057,,1
SLC2A1,SLC22A11,Undirected,151063,,1
SLC2A1,ACSM1,Undirected,151064,,1
SLC2A1,LDHAL6B,Undirected,151068,,1
SLC2A1,AGXT,Undirected,151072,,1
SLC2A1,TSNARE1,Undirected,151082,,1
SLC2A1,ADORA2B,Undirected,151088,,1
SLC2A1,FASN,Undirected,151089,,1
SLC2A1,SLC6A19,Undirected,151094,,1
SLC2A1,CEBPB,Undirected,151097,,1
SLC2A1,FEN1,Undirected,151098,,1
SLC2A1,NXNL1,Undirected,151100,,1
SLC2A1,GAA,Undirected,151102,,1
SLC2A1,CHST11,Undirected,151103,,1
SLC2A1,PGK2,Undirected,151105,,1
SLC2A1,JAGN1,Undirected,151106,,1
SLC2A1,ANKK1,Undirected,151113,,1
SLC2A1,HAS2,Undirected,151116,,1
SLC2A1,ASL,Undirected,151119,,1
SLC2A1,PDHB,Undirected,151121,,1
SLC2A1,CANT1,Undirected,151127,,1
SLC2A1,ATP5S,Undirected,151133,,1
SLC2A1,SLC19A1,Undirected,151137,,1
SLC2A1,CLTB,Undirected,151139,,1
SLC2A1,ADAM17,Undirected,151145,,1
SLC2A1,SLC5A6,Undirected,151148,,1
SLC2A1,SLC22A13,Undirected,151149,,1
SLC2A1,GLS2,Undirected,151150,,1
SLC2A1,SLC16A11,Undirected,151151,,1
SLC2A1,B4GALT2,Undirected,151153,,1
SLC2A1,C11orf86,Undirected,151161,,1
SLC2A1,GGA2,Undirected,151162,,1
SLC2A1,AOC3,Undirected,151165,,1
SLC2A1,GBAS,Undirected,151173,,1
SLC2A1,SLC35C1,Undirected,151174,,1
SLC2A1,GRHPR,Undirected,151175,,1
SLC2A1,AURKB,Undirected,151177,,1
SLC2A1,SLC28A2,Undirected,151182,,1
SLC2A1,CRAT,Undirected,151183,,1
SLC2A1,NDUFS8,Undirected,151188,,1
SLC2A1,FARS2,Undirected,151190,,1
SLC2A1,ACSS1,Undirected,151194,,1
SLC2A1,PIPOX,Undirected,151200,,1
SLC2A1,KIAA0196,Undirected,151203,,1
SLC2A1,PRKRA,Undirected,151204,,1
SLC2A1,GEN1,Undirected,151209,,1
SLC2A1,TMEM45A,Undirected,151210,,1
SLC2A1,GIPC3,Undirected,151211,,1
SLC2A1,GCSH,Undirected,151214,,1
SLC2A1,CHDH,Undirected,151217,,1
SLC2A1,SLC16A6,Undirected,151218,,1
SLC2A1,SLC7A8,Undirected,151223,,1
SLC2A1,EDC3,Undirected,151224,,1
SLC2A1,ME2,Undirected,151229,,1
SLC2A1,TALDO1,Undirected,151230,,1
SLC2A1,SLC34A1,Undirected,151231,,1
SLC2A1,IMPDH2,Undirected,151232,,1
SLC2A1,SLC16A8,Undirected,151233,,1
SLC2A1,SLC25A22,Undirected,151235,,1
SLC2A1,HMGCS1,Undirected,151239,,1
SLC2A1,BCAT2,Undirected,151241,,1
SLC2A1,SLC2A2,Undirected,151243,,1
SLC2A1,UCP3,Undirected,151245,,1
SLC2A1,ENO3,Undirected,151247,,1
SLC2A1,AACS,Undirected,151253,,1
SLC2A1,SEMA6D,Undirected,151255,,1
SLC2A1,MAT2B,Undirected,151259,,1
SLC2A1,LRRC31,Undirected,151260,,1
SLC2A1,SLC25A20,Undirected,151262,,1
SLC2A1,ELMOD2,Undirected,151263,,1
SLC2A1,SLC5A2,Undirected,151273,,1
SLC2A1,ATP6V0C,Undirected,151280,,1
SLC2A1,PDGFB,Undirected,151285,,1
SLC2A1,RTN4RL1,Undirected,151287,,1
SLC2A1,TBX1,Undirected,151294,,1
SLC2A1,CYP2U1,Undirected,151299,,1
SLC2A1,LAMP1,Undirected,151300,,1
SLC2A1,ACAA1,Undirected,151301,,1
SLC2A1,SHMT2,Undirected,151302,,1
SLC2A1,ABCC5,Undirected,151304,,1
SLC2A1,SLC36A2,Undirected,151310,,1
SLC2A1,ANKRD37,Undirected,151313,,1
SLC2A1,ADORA2A,Undirected,151318,,1
SLC2A1,PLS1,Undirected,151320,,1
SLC2A1,SLC39A9,Undirected,151321,,1
SLC2A1,NDUFA4,Undirected,151343,,1
SLC2A1,ACSL4,Undirected,151344,,1
SLC2A1,SLC20A2,Undirected,151348,,1
SLC2A1,ADIPOR1,Undirected,151359,,1
SLC2A1,CS,Undirected,151363,,1
SLC2A1,GJA4,Undirected,151368,,1
SLC2A1,MAFK,Undirected,151379,,1
SLC2A1,NHLRC1,Undirected,151383,,1
SLC2A1,SCN8A,Undirected,151402,,1
SLC2A1,ERO1LB,Undirected,151403,,1
SLC2A1,HKDC1,Undirected,151404,,1
SLC2A1,SLC38A6,Undirected,151408,,1
SLC2A1,TMEM207,Undirected,151409,,1
SLC2A1,HTT,Undirected,151410,,1
SLC2A1,AGK,Undirected,151413,,1
SLC2A1,SLC17A5,Undirected,151418,,1
SLC2A1,TBC1D9B,Undirected,151424,,1
SLC2A1,PTBP1,Undirected,151425,,1
SLC2A1,POX2,Undirected,151429,,1
SLC2A1,RAET1E,Undirected,151431,,1
SLC2A1,GFPT1,Undirected,151432,,1
SLC2A1,ACSL3,Undirected,151437,,1
SLC2A1,SLC29A2,Undirected,151438,,1
SLC2A1,ATP2B4,Undirected,151441,,1
SLC2A1,ARNT,Undirected,151447,,1
SLC2A1,KCNQ2,Undirected,151455,,1
SLC2A1,RPE,Undirected,151459,,1
SLC2A1,SLC39A14,Undirected,151462,,1
SLC2A1,SLC6A9,Undirected,151472,,1
SLC2A1,MPC1,Undirected,151476,,1
SLC2A1,ENPP1,Undirected,151477,,1
SLC2A1,MICU1,Undirected,151479,,1
SLC2A1,SLC26A1,Undirected,151488,,1
SLC2A1,SNX6,Undirected,151494,,1
SLC2A1,MTR,Undirected,151498,,1
SLC2A1,ABCB10,Undirected,151502,,1
SLC2A1,PARP1,Undirected,151506,,1
SLC2A1,SLC22A2,Undirected,151511,,1
SLC2A1,FLVCR1,Undirected,151514,,1
SLC2A1,SLC41A1,Undirected,151519,,1
SLC2A1,KDM5B,Undirected,151522,,1
SLC2A1,RAET1G,Undirected,151523,,1
SLC2A1,MPC2,Undirected,151530,,1
SLC2A1,ATF6,Undirected,151534,,1
SLC2A1,ATP1A4,Undirected,151540,,1
SLC2A1,APOA1BP,Undirected,151544,,1
SLC2A1,SLC50A1,Undirected,151545,,1
SLC2A1,ECHS1,Undirected,151549,,1
SLC2A1,OAT,Undirected,151557,,1
SLC2A1,KIAA1919,Undirected,151558,,1
SLC2A1,SLC16A10,Undirected,151559,,1
SLC2A1,GJA8,Undirected,151568,,1
SLC2A1,SLC22A15,Undirected,151572,,1
SLC2A1,SLC35A1,Undirected,151575,,1
SLC2A1,ME1,Undirected,151576,,1
SLC2A1,ADORA3,Undirected,151577,,1
SLC2A1,CHIA,Undirected,151578,,1
SLC2A1,STXBP3,Undirected,151585,,1
SLC2A1,SLC35A3,Undirected,151586,,1
SLC2A1,ACADM,Undirected,151593,,1
SLC2A1,SLC44A5,Undirected,151594,,1
SLC2A1,PGAM1,Undirected,151596,,1
SLC2A1,EFHC1,Undirected,151597,,1
SLC2A1,PGM1,Undirected,151598,,1
SLC2A1,ENTPD1,Undirected,151602,,1
SLC2A1,DHCR24,Undirected,151607,,1
SLC2A1,MCTS1,Undirected,151608,,1
SLC2A1,SLC25A27,Undirected,151609,,1
SLC2A1,LGI1,Undirected,151610,,1
SLC2A1,SLC16A12,Undirected,151619,,1
SLC2A1,SLC2A6,Undirected,151621,,1
SLC2A1,MKNK1,Undirected,151622,,1
SLC2A1,SURF1,Undirected,151624,,1
SLC2A1,CDC20,Undirected,151628,,1
SLC2A1,SLC22A7,Undirected,151631,,1
SLC2A1,GNMT,Undirected,151635,,1
SLC2A1,OXCT2,Undirected,151637,,1
SLC2A1,PPIE,Undirected,151638,,1
SLC2A1,ADA,Undirected,151639,,1
SLC2A1,NOX1,Undirected,151641,,1
SLC2A1,MCU,Undirected,151643,,1
SLC2A1,SLC2A8,Undirected,151653,,1
SLC2A1,YARS,Undirected,151657,,1
SLC2A1,SMPDL3B,Undirected,151663,,1
SLC2A1,RPL10A,Undirected,151664,,1
SLC2A1,SLC31A1,Undirected,151670,,1
SLC2A1,HMGCL,Undirected,151678,,1
SLC2A1,ALPL,Undirected,151685,,1
SLC2A1,ALDOB,Undirected,151686,,1
SLC2A1,PFKFB1,Undirected,151688,,1
SLC2A1,FBP2,Undirected,151692,,1
SLC2A1,COX4I2,Undirected,151705,,1
SLC2A1,NPPA,Undirected,151711,,1
SLC2A1,MTHFR,Undirected,151714,,1
SLC2A1,ABCC4,Undirected,151715,,1
SLC2A1,FTL,Undirected,151718,,1
SLC2A1,IRG1,Undirected,151721,,1
SLC2A1,KDM6A,Undirected,151730,,1
SLC2A1,GDF9,Undirected,151737,,1
SLC2A1,GALT,Undirected,151739,,1
SLC2A1,CNTFR,Undirected,151741,,1
SLC2A1,ARX,Undirected,151742,,1
SLC2A1,CYP1A1,Undirected,151749,,1
SLC2A1,PDHA1,Undirected,151751,,1
SLC2A1,PHKA2,Undirected,151753,,1
SLC2A1,CDKL5,Undirected,151756,,1
SLC2A1,BNIP3L,Undirected,151766,,1
SLC2A1,PFKP,Undirected,151773,,1
SLC2A1,SLC5A3,Undirected,151775,,1
SLC2A1,ARRDC5,Undirected,151782,,1
SLC2A1,AK3,Undirected,151783,,1
SLC2A1,PGM2,Undirected,151785,,1
SLC2A1,SLC34A2,Undirected,151786,,1
SLC2A1,VLDLR,Undirected,151788,,1
SLC2A1,NANOGNB,Undirected,151789,,1
SLC2A1,CD9,Undirected,151793,,1
SLC2A1,KCNA1,Undirected,151794,,1
SLC2A1,SLC7A4,Undirected,151800,,1
SLC2A1,AQP4,Undirected,151801,,1
SLC2A1,TM6SF2,Undirected,151807,,1
SLC2A1,RPL13A,Undirected,151811,,1
SLC2A1,CPT1C,Undirected,151817,,1
SLC2A1,HNRNPA3,Undirected,151819,,1
SLC2A1,SLC33A1,Undirected,151823,,1
SLC2A1,CSH2,Undirected,151824,,1
SLC2A1,BPGM,Undirected,151827,,1
SLC2A1,NME2,Undirected,151829,,1
SLC2A1,NDUFA4L2,Undirected,151837,,1
SLC2A1,MTHFD2,Undirected,151841,,1
SLC2A1,GPC3,Undirected,151843,,1
SLC2A1,ALG13,Undirected,151847,,1
SLC2A1,SLC9B2,Undirected,151848,,1
SLC2A1,ALDOA,Undirected,151857,,1
SLC2A1,AK4,Undirected,151859,,1
SLC2A1,PSPH,Undirected,151861,,1
SLC2A1,SLC5A10,Undirected,151863,,1
SLC2A1,CPT1B,Undirected,151864,,1
SLC2A1,SLC5A12,Undirected,151870,,1
SLC2A1,LDHB,Undirected,151872,,1
SLC2A1,VAMP1,Undirected,151874,,1
SLC2A1,GNE,Undirected,151878,,1
SLC2A1,SLC29A4,Undirected,151881,,1
SLC2A1,SLC17A3,Undirected,151883,,1
SLC2A1,RGN,Undirected,151886,,1
SLC2A1,SLC7A7,Undirected,151893,,1
SLC2A1,SOCS6,Undirected,151894,,1
SLC2A1,CBSL,Undirected,151896,,1
SLC2A1,ENSG00000274276,Undirected,151897,,1
SLC2A1,ATP5A1,Undirected,151899,,1
SLC2A1,ABCC1,Undirected,151902,,1
SLC2A1,DERL3,Undirected,151917,,1
SLC2A1,ESRRA,Undirected,151920,,1
SLC2A1,PYCR1,Undirected,151921,,1
SLC2A1,MRPS12,Undirected,151922,,1
SLC2A1,CHRNA2,Undirected,151924,,1
SLC2A1,PTGR1,Undirected,151930,,1
SLC2A1,ASB18,Undirected,151937,,1
SLC2A1,KDM3A,Undirected,151939,,1
SLC2A1,MYADML2,Undirected,151940,,1
SLC2A1,SLC12A5,Undirected,151950,,1
SLC2A1,SLC25A12,Undirected,151955,,1
SLC2A1,RPL23A,Undirected,151956,,1
SLC2A1,GLYCTK,Undirected,151957,,1
SLC2A1,HCAR1,Undirected,151958,,1
SLC2A1,TMCO3,Undirected,151959,,1
SLC2A1,SEMA5B,Undirected,151961,,1
SLC2A1,ENSG00000239789,Undirected,151965,,1
SLC2A1,SLC14A1,Undirected,151967,,1
SLC2A1,SLC13A2,Undirected,151972,,1
SLC2A1,SLC4A4,Undirected,151978,,1
SLC2A1,MECP2,Undirected,151983,,1
SLC2A1,SCN1B,Undirected,151986,,1
SLC2A1,LPIN1,Undirected,151989,,1
SLC2A1,SGCE,Undirected,151996,,1
SLC2A1,SLC25A13,Undirected,152003,,1
SLC2A1,BTD,Undirected,152007,,1
SLC2A1,NAPRT,Undirected,152010,,1
SLC2A1,CHST15,Undirected,152015,,1
SLC2A1,GAMT,Undirected,152017,,1
SLC2A1,SYNGAP1,Undirected,152018,,1
SLC2A1,TMEM120B,Undirected,152021,,1
SLC2A1,UNC45A,Undirected,152030,,1
SLC2A1,LAMP2,Undirected,152034,,1
SLC2A1,GBE1,Undirected,152042,,1
SLC2A1,PGAM4,Undirected,152048,,1
SLC2A1,MST1,Undirected,152050,,1
SLC2A1,SLC35A2,Undirected,152053,,1
SLC2A1,SLC9A8,Undirected,152054,,1
SLC2A1,NDUFA5,Undirected,152056,,1
SLC2A1,SLC35A5,Undirected,152057,,1
SLC2A1,SLC4A2,Undirected,152065,,1
DPYD,TMEM132A,Undirected,158877,,1
DPYD,ISOC2,Undirected,158881,,1
DPYD,ASNS,Undirected,158884,,1
DPYD,NDUFB4,Undirected,158886,,1
DPYD,UQCRC1,Undirected,158889,,1
DPYD,DLD,Undirected,158890,,1
DPYD,CMTM6,Undirected,158892,,1
DPYD,XYLB,Undirected,158893,,1
DPYD,ADH1A,Undirected,158894,,1
DPYD,MIOX,Undirected,158897,,1
DPYD,EIF3D,Undirected,158898,,1
DPYD,ACO2,Undirected,158899,,1
DPYD,PYGL,Undirected,158900,,1
DPYD,DHRS7,Undirected,158901,,1
DPYD,PYGB,Undirected,158903,,1
DPYD,MTFMT,Undirected,158913,,1
DPYD,DNAJC17,Undirected,158914,,1
DPYD,CPQ,Undirected,158915,,1
DPYD,PYCRL,Undirected,158917,,1
DPYD,DCTN6,Undirected,158918,,1
DPYD,TULP2,Undirected,158920,,1
DPYD,PON1,Undirected,158927,,1
DPYD,MRPL32,Undirected,158931,,1
DPYD,ATE1,Undirected,158932,,1
DPYD,DNAJC12,Undirected,158933,,1
DPYD,RPL19,Undirected,158934,,1
DPYD,SHPK,Undirected,158936,,1
DPYD,SLC25A11,Undirected,158937,,1
DPYD,ALDOC,Undirected,158940,,1
DPYD,CD82,Undirected,158943,,1
DPYD,PUS3,Undirected,158944,,1
DPYD,LTA4H,Undirected,158948,,1
DPYD,TPI1,Undirected,158951,,1
DPYD,B3GAT2,Undirected,158954,,1
DPYD,LNPEP,Undirected,158956,,1
DPYD,EHHADH,Undirected,158959,,1
DPYD,UMPS,Undirected,158962,,1
DPYD,AADAC,Undirected,158963,,1
DPYD,ACADL,Undirected,158965,,1
DPYD,WARS2,Undirected,158969,,1
DPYD,GDA,Undirected,158973,,1
DPYD,CCDC92,Undirected,158975,,1
DPYD,PCDHB10,Undirected,158977,,1
DPYD,SLC25A2,Undirected,158978,,1
DPYD,PYROXD1,Undirected,158980,,1
DPYD,PEX16,Undirected,158981,,1
DPYD,GSTM2,Undirected,158983,,1
DPYD,RRP36,Undirected,158992,,1
DPYD,MRPS7,Undirected,158995,,1
DPYD,SLC35F5,Undirected,158997,,1
DPYD,UROD,Undirected,159000,,1
DPYD,DDX49,Undirected,159001,,1
DPYD,PMPCB,Undirected,159003,,1
DPYD,SMO,Undirected,159004,,1
DPYD,AANAT,Undirected,159007,,1
DPYD,UGT2A3,Undirected,159010,,1
DPYD,PGLS,Undirected,159015,,1
DPYD,GFPT2,Undirected,159018,,1
DPYD,PCDHAC1,Undirected,159020,,1
DPYD,SCLY,Undirected,159022,,1
DPYD,XPO4,Undirected,159026,,1
DPYD,SUV420H2,Undirected,159027,,1
DPYD,CMPK2,Undirected,159030,,1
DPYD,SLCO1B1,Undirected,159031,,1
DPYD,CARS2,Undirected,159032,,1
DPYD,FAM189A2,Undirected,159033,,1
DPYD,SDS,Undirected,159034,,1
DPYD,NT5E,Undirected,159037,,1
DPYD,TFCP2,Undirected,159039,,1
DPYD,NPL,Undirected,159040,,1
DPYD,NUDT15,Undirected,159041,,1
DPYD,IREB2,Undirected,159043,,1
DPYD,CD302,Undirected,159044,,1
DPYD,GMPR,Undirected,159046,,1
DPYD,CCBL2,Undirected,159051,,1
DPYD,ASNSD1,Undirected,159053,,1
DPYD,PPIG,Undirected,159054,,1
DPYD,TRHDE,Undirected,159055,,1
DPYD,ABCC9,Undirected,159058,,1
DPYD,MARS,Undirected,159065,,1
DPYD,ANKRD12,Undirected,159067,,1
DPYD,LPPR5,Undirected,159076,,1
DPYD,UFD1L,Undirected,159077,,1
DPYD,BLVRB,Undirected,159080,,1
DPYD,COMMD9,Undirected,159081,,1
DPYD,MTIF2,Undirected,159082,,1
DPYD,ACCS,Undirected,159086,,1
DPYD,GATB,Undirected,159090,,1
DPYD,AGPS,Undirected,159092,,1
DPYD,CPOX,Undirected,159093,,1
DPYD,NOP58,Undirected,159097,,1
DPYD,NNT,Undirected,159102,,1
DPYD,NSUN2,Undirected,159103,,1
DPYD,CAD,Undirected,159104,,1
DPYD,SLC1A3,Undirected,159107,,1
DPYD,HIBADH,Undirected,159111,,1
DPYD,UGT2B10,Undirected,159112,,1
DPYD,ADH4,Undirected,159115,,1
DPYD,REXO2,Undirected,159119,,1
DPYD,CACNA1C,Undirected,159121,,1
DPYD,AMDHD1,Undirected,159123,,1
DPYD,EFTUD1,Undirected,159127,,1
DPYD,NOB1,Undirected,159128,,1
DPYD,PRPSAP2,Undirected,159129,,1
DPYD,EIF4A3,Undirected,159132,,1
DPYD,PFKL,Undirected,159134,,1
DPYD,RNPEPL1,Undirected,159136,,1
DPYD,SLC47A1,Undirected,159137,,1
DPYD,ACP1,Undirected,159139,,1
DPYD,DNPEP,Undirected,159141,,1
DPYD,ARHGAP26,Undirected,159143,,1
DPYD,ATP6V1B2,Undirected,159147,,1
DPYD,DPYS,Undirected,159148,,1
DPYD,DPH7,Undirected,159150,,1
DPYD,GLUD1,Undirected,159151,,1
DPYD,HMBS,Undirected,159155,,1
DPYD,TMEM138,Undirected,159156,,1
DPYD,DLAT,Undirected,159159,,1
DPYD,PTS,Undirected,159160,,1
DPYD,FREM2,Undirected,159161,,1
DPYD,OXSM,Undirected,159163,,1
DPYD,LDHAL6A,Undirected,159164,,1
DPYD,GUF1,Undirected,159167,,1
DPYD,MARS2,Undirected,159171,,1
DPYD,UGT3A2,Undirected,159172,,1
DPYD,GADL1,Undirected,159174,,1
DPYD,GPD1L,Undirected,159175,,1
DPYD,RPIA,Undirected,159178,,1
DPYD,IMPACT,Undirected,159179,,1
DPYD,OXNAD1,Undirected,159181,,1
DPYD,PDF,Undirected,159194,,1
DPYD,DHRS1,Undirected,159195,,1
DPYD,HPD,Undirected,159198,,1
DPYD,CBR1,Undirected,159201,,1
DPYD,CBR3,Undirected,159202,,1
DPYD,MCAT,Undirected,159203,,1
DPYD,TRMU,Undirected,159204,,1
DPYD,PWP2,Undirected,159206,,1
DPYD,FLAD1,Undirected,159207,,1
DPYD,HK3,Undirected,159208,,1
DPYD,ZSCAN21,Undirected,159209,,1
DPYD,NAGS,Undirected,159210,,1
DPYD,PTX4,Undirected,159213,,1
DPYD,PDHA2,Undirected,159216,,1
DPYD,RETSAT,Undirected,159220,,1
DPYD,EIF5A2,Undirected,159221,,1
DPYD,MRPL33,Undirected,159224,,1
DPYD,RPL39L,Undirected,159225,,1
DPYD,SHISA5,Undirected,159227,,1
DPYD,APEH,Undirected,159228,,1
DPYD,RPS23,Undirected,159232,,1
DPYD,PGAM2,Undirected,159235,,1
DPYD,ABCB8,Undirected,159236,,1
DPYD,WBSCR27,Undirected,159239,,1
DPYD,PGM2L1,Undirected,159240,,1
DPYD,CRYL1,Undirected,159241,,1
DPYD,HEPACAM,Undirected,159242,,1
DPYD,NEMF,Undirected,159243,,1
DPYD,SEC61A2,Undirected,159244,,1
DPYD,HPRT1,Undirected,159246,,1
DPYD,TMX3,Undirected,159248,,1
DPYD,LDHD,Undirected,159250,,1
DPYD,ANPEP,Undirected,159251,,1
DPYD,RRM1,Undirected,159252,,1
DPYD,CYP2A6,Undirected,159255,,1
DPYD,GPD1,Undirected,159256,,1
DPYD,ECI1,Undirected,159259,,1
DPYD,ENTPD3,Undirected,159260,,1
DPYD,LDHAL6B,Undirected,159262,,1
DPYD,AGXT,Undirected,159266,,1
DPYD,RALGAPA1,Undirected,159267,,1
DPYD,KCNAB3,Undirected,159268,,1
DPYD,DYNLRB2,Undirected,159270,,1
DPYD,GOT1L1,Undirected,159272,,1
DPYD,MAT2A,Undirected,159273,,1
DPYD,UGT1A6,Undirected,159274,,1
DPYD,ZNF804A,Undirected,159275,,1
DPYD,TSNARE1,Undirected,159276,,1
DPYD,PEX6,Undirected,159277,,1
DPYD,NUDT9,Undirected,159279,,1
DPYD,SNX7,Undirected,159280,,1
DPYD,DTYMK,Undirected,159283,,1
DPYD,UGT1A8,Undirected,159285,,1
DPYD,UGT2B4,Undirected,159286,,1
DPYD,FEN1,Undirected,159287,,1
DPYD,MRPL39,Undirected,159289,,1
DPYD,KCTD19,Undirected,159290,,1
DPYD,SUV420H1,Undirected,159292,,1
DPYD,PGK2,Undirected,159293,,1
DPYD,RBKS,Undirected,159299,,1
DPYD,HAS2,Undirected,159300,,1
DPYD,ASL,Undirected,159302,,1
DPYD,PDHB,Undirected,159304,,1
DPYD,QARS,Undirected,159305,,1
DPYD,CANT1,Undirected,159306,,1
DPYD,OR2C1,Undirected,159307,,1
DPYD,DCAKD,Undirected,159312,,1
DPYD,DPY19L1,Undirected,159315,,1
DPYD,SLC19A1,Undirected,159317,,1
DPYD,GMPPB,Undirected,159319,,1
DPYD,GLS2,Undirected,159326,,1
DPYD,B4GALT2,Undirected,159330,,1
DPYD,COQ2,Undirected,159332,,1
DPYD,CARKD,Undirected,159338,,1
DPYD,ARV1,Undirected,159341,,1
DPYD,SNX14,Undirected,159343,,1
DPYD,GRHPR,Undirected,159345,,1
DPYD,TTC27,Undirected,159348,,1
DPYD,WDR75,Undirected,159350,,1
DPYD,ALDH5A1,Undirected,159353,,1
DPYD,SLC28A2,Undirected,159354,,1
DPYD,D2HGDH,Undirected,159356,,1
DPYD,NDUFS8,Undirected,159359,,1
DPYD,CSTF3,Undirected,159360,,1
DPYD,ZNF518B,Undirected,159369,,1
DPYD,CES2,Undirected,159370,,1
DPYD,BCKDHB,Undirected,159372,,1
DPYD,RPS15A,Undirected,159373,,1
DPYD,GEN1,Undirected,159375,,1
DPYD,NSUN3,Undirected,159376,,1
DPYD,UGT2B17,Undirected,159383,,1
DPYD,KRI1,Undirected,159385,,1
DPYD,TALDO1,Undirected,159386,,1
DPYD,IMPDH2,Undirected,159389,,1
DPYD,CRMP1,Undirected,159390,,1
DPYD,RRS1,Undirected,159393,,1
DPYD,GLYR1,Undirected,159398,,1
DPYD,BCAT2,Undirected,159399,,1
DPYD,UCP3,Undirected,159401,,1
DPYD,ENO3,Undirected,159404,,1
DPYD,PRPF31,Undirected,159405,,1
DPYD,PSD3,Undirected,159406,,1
DPYD,UPB1,Undirected,159407,,1
DPYD,OR10G4,Undirected,159409,,1
DPYD,MAT2B,Undirected,159411,,1
DPYD,KARS,Undirected,159412,,1
DPYD,CNDP2,Undirected,159413,,1
DPYD,SLC25A20,Undirected,159418,,1
DPYD,CIRH1A,Undirected,159423,,1
DPYD,THNSL2,Undirected,159424,,1
DPYD,OR4C46,Undirected,159430,,1
DPYD,UPP1,Undirected,159432,,1
DPYD,DDX59,Undirected,159433,,1
DPYD,CXorf38,Undirected,159434,,1
DPYD,IP6K2,Undirected,159435,,1
DPYD,TBX1,Undirected,159438,,1
DPYD,DDX28,Undirected,159441,,1
DPYD,SDR42E1,Undirected,159442,,1
DPYD,ZNF530,Undirected,159443,,1
DPYD,ADSSL1,Undirected,159445,,1
DPYD,UBA7,Undirected,159446,,1
DPYD,PROSC,Undirected,159447,,1
DPYD,ACAA1,Undirected,159448,,1
DPYD,SHMT2,Undirected,159449,,1
DPYD,ABCC5,Undirected,159452,,1
DPYD,UBL4B,Undirected,159453,,1
DPYD,OR13F1,Undirected,159455,,1
DPYD,HPDL,Undirected,159457,,1
DPYD,GSTA1,Undirected,159461,,1
DPYD,EIF5A,Undirected,159464,,1
DPYD,GGTLC1,Undirected,159465,,1
DPYD,MPP7,Undirected,159466,,1
DPYD,TARSL2,Undirected,159468,,1
DPYD,NPAS2,Undirected,159470,,1
DPYD,GGT7,Undirected,159473,,1
DPYD,SRR,Undirected,159475,,1
DPYD,THUMPD3,Undirected,159477,,1
DPYD,ACSL4,Undirected,159478,,1
DPYD,RPL7,Undirected,159479,,1
DPYD,DPYSL4,Undirected,159481,,1
DPYD,CCDC108,Undirected,159483,,1
DPYD,UGT2B15,Undirected,159485,,1
DPYD,GSPT2,Undirected,159486,,1
DPYD,AGMO,Undirected,159489,,1
DPYD,PTCHD4,Undirected,159490,,1
DPYD,ATP13A5,Undirected,159491,,1
DPYD,CYP1A2,Undirected,159492,,1
DPYD,CS,Undirected,159493,,1
DPYD,PYCR2,Undirected,159494,,1
DPYD,DPYSL3,Undirected,159500,,1
DPYD,IMPDH1,Undirected,159504,,1
DPYD,SAMM50,Undirected,159506,,1
DPYD,DLG1,Undirected,159509,,1
DPYD,ENOSF1,Undirected,159512,,1
DPYD,DDX21,Undirected,159513,,1
DPYD,TAP1,Undirected,159516,,1
DPYD,AK5,Undirected,159517,,1
DPYD,UGT1A9,Undirected,159520,,1
DPYD,AK2,Undirected,159522,,1
DPYD,WAC,Undirected,159523,,1
DPYD,WARS,Undirected,159525,,1
DPYD,TBCD,Undirected,159526,,1
DPYD,TAT,Undirected,159530,,1
DPYD,NPEPL1,Undirected,159531,,1
DPYD,MAN1A2,Undirected,159534,,1
DPYD,DCTD,Undirected,159535,,1
DPYD,REPS2,Undirected,159536,,1
DPYD,GFPT1,Undirected,159537,,1
DPYD,SLC29A2,Undirected,159539,,1
DPYD,STRN3,Undirected,159540,,1
DPYD,AQPEP,Undirected,159542,,1
DPYD,DDX47,Undirected,159543,,1
DPYD,HMGN5,Undirected,159544,,1
DPYD,GK2,Undirected,159548,,1
DPYD,RPE,Undirected,159550,,1
DPYD,HIBCH,Undirected,159552,,1
DPYD,NT5C1B,Undirected,159553,,1
DPYD,DHDDS,Undirected,159556,,1
DPYD,CES1,Undirected,159559,,1
DPYD,ETF1,Undirected,159560,,1
DPYD,ENPP1,Undirected,159563,,1
DPYD,CYB5R3,Undirected,159565,,1
DPYD,ASTN2,Undirected,159567,,1
DPYD,COMT,Undirected,159568,,1
DPYD,MRPL24,Undirected,159570,,1
DPYD,PNP,Undirected,159571,,1
DPYD,GPX6,Undirected,159574,,1
DPYD,CNTNAP2,Undirected,159578,,1
DPYD,DRD2,Undirected,159579,,1
DPYD,RPL39,Undirected,159585,,1
DPYD,ADSS,Undirected,159586,,1
DPYD,SDCCAG8,Undirected,159587,,1
DPYD,MTR,Undirected,159590,,1
DPYD,HEATR1,Undirected,159591,,1
DPYD,GUK1,Undirected,159593,,1
DPYD,MARC1,Undirected,159596,,1
DPYD,MARC2,Undirected,159597,,1
DPYD,SPATA17,Undirected,159600,,1
DPYD,SLC22A2,Undirected,159601,,1
DPYD,PM20D1,Undirected,159603,,1
DPYD,CYB5R1,Undirected,159604,,1
DPYD,FMO3,Undirected,159610,,1
DPYD,NME7,Undirected,159611,,1
DPYD,HBS1L,Undirected,159612,,1
DPYD,NIT1,Undirected,159617,,1
DPYD,APOA1BP,Undirected,159618,,1
DPYD,NUS1,Undirected,159620,,1
DPYD,ECHS1,Undirected,159622,,1
DPYD,OAT,Undirected,159624,,1
DPYD,AMD1,Undirected,159625,,1
DPYD,QRSL1,Undirected,159628,,1
DPYD,TARS2,Undirected,159629,,1
DPYD,MPP1,Undirected,159632,,1
DPYD,UBL4A,Undirected,159633,,1
DPYD,STRIP1,Undirected,159636,,1
DPYD,PDCD11,Undirected,159637,,1
DPYD,AS3MT,Undirected,159640,,1
DPYD,SAMD10,Undirected,159641,,1
DPYD,C10orf76,Undirected,159643,,1
DPYD,DBT,Undirected,159645,,1
DPYD,LPPR4,Undirected,159646,,1
DPYD,PTBP2,Undirected,159647,,1
DPYD,FAM69A,Undirected,159648,,1
DPYD,DDX43,Undirected,159649,,1
DPYD,HS2ST1,Undirected,159653,,1
DPYD,HOGA1,Undirected,159655,,1
DPYD,LGSN,Undirected,159656,,1
DPYD,PGAM1,Undirected,159659,,1
DPYD,ENTPD1,Undirected,159663,,1
DPYD,FGGY,Undirected,159664,,1
DPYD,DHCR24,Undirected,159668,,1
DPYD,CYP2C8,Undirected,159669,,1
DPYD,SSBP3,Undirected,159670,,1
DPYD,SLC25A27,Undirected,159672,,1
DPYD,NOC3L,Undirected,159673,,1
DPYD,ECHDC2,Undirected,159677,,1
DPYD,CYP4A22,Undirected,159679,,1
DPYD,CYP4B1,Undirected,159680,,1
DPYD,MAT1A,Undirected,159685,,1
DPYD,PPCS,Undirected,159691,,1
DPYD,SLC22A7,Undirected,159692,,1
DPYD,GNMT,Undirected,159696,,1
DPYD,TRMT2B,Undirected,159697,,1
DPYD,PLA2G12B,Undirected,159698,,1
DPYD,SH3BGRL,Undirected,159700,,1
DPYD,UGT1A4,Undirected,159704,,1
DPYD,UGT1A5,Undirected,159705,,1
DPYD,UGT1A7,Undirected,159706,,1
DPYD,YARS,Undirected,159708,,1
DPYD,DDX50,Undirected,159709,,1
DPYD,RPL10A,Undirected,159711,,1
DPYD,ZNF593,Undirected,159715,,1
DPYD,UGCG,Undirected,159716,,1
DPYD,DLG3,Undirected,159717,,1
DPYD,MDH1B,Undirected,159719,,1
DPYD,HMGCL,Undirected,159720,,1
DPYD,ALDOB,Undirected,159724,,1
DPYD,TAP2,Undirected,159725,,1
DPYD,PFKFB1,Undirected,159727,,1
DPYD,TSR2,Undirected,159730,,1
DPYD,C9orf3,Undirected,159732,,1
DPYD,FBP2,Undirected,159733,,1
DPYD,AUH,Undirected,159737,,1
DPYD,DLG2,Undirected,159740,,1
DPYD,AADACL4,Undirected,159741,,1
DPYD,C9orf64,Undirected,159743,,1
DPYD,PIP4K2A,Undirected,159744,,1
DPYD,MTHFR,Undirected,159746,,1
DPYD,PUS1,Undirected,159748,,1
DPYD,ABCC4,Undirected,159750,,1
DPYD,NSUN6,Undirected,159753,,1
DPYD,POLR3F,Undirected,159755,,1
DPYD,DIS3,Undirected,159756,,1
DPYD,KCNAB2,Undirected,159759,,1
DPYD,NDUFAF5,Undirected,159760,,1
DPYD,NADK,Undirected,159763,,1
DPYD,ACCSL,Undirected,159765,,1
DPYD,CRLS1,Undirected,159766,,1
DPYD,PUSL1,Undirected,159767,,1
DPYD,PTCHD1,Undirected,159772,,1
DPYD,XDH,Undirected,159775,,1
DPYD,MBTPS2,Undirected,159777,,1
DPYD,PAK1IP1,Undirected,159778,,1
DPYD,HGSNAT,Undirected,159780,,1
DPYD,CYP1A1,Undirected,159781,,1
DPYD,PDHA1,Undirected,159783,,1
DPYD,ECI2,Undirected,159786,,1
DPYD,SYAP1,Undirected,159788,,1
DPYD,MTAP,Undirected,159789,,1
DPYD,CARS,Undirected,159790,,1
DPYD,AKR1C2,Undirected,159792,,1
DPYD,NOXRED1,Undirected,159794,,1
DPYD,SELO,Undirected,159795,,1
DPYD,DUT,Undirected,159796,,1
DPYD,PFKP,Undirected,159799,,1
DPYD,ACOT6,Undirected,159800,,1
DPYD,GGT6,Undirected,159808,,1
DPYD,NSUN7,Undirected,159812,,1
DPYD,AK3,Undirected,159813,,1
DPYD,PGM2,Undirected,159815,,1
DPYD,MIPEP,Undirected,159816,,1
DPYD,NOP2,Undirected,159817,,1
DPYD,DNAJC19,Undirected,159818,,1
DPYD,PRMT8,Undirected,159820,,1
DPYD,EOGT,Undirected,159822,,1
DPYD,MRPL2,Undirected,159823,,1
DPYD,NT5M,Undirected,159825,,1
DPYD,SACM1L,Undirected,159827,,1
DPYD,DENND5B,Undirected,159828,,1
DPYD,ASPDH,Undirected,159830,,1
DPYD,GPR149,Undirected,159834,,1
DPYD,PKP4,Undirected,159835,,1
DPYD,EEF1B2,Undirected,159837,,1
DPYD,BPGM,Undirected,159840,,1
DPYD,NME2,Undirected,159843,,1
DPYD,LIPT1,Undirected,159847,,1
DPYD,MTHFD2,Undirected,159853,,1
DPYD,SUOX,Undirected,159854,,1
DPYD,NIT2,Undirected,159855,,1
DPYD,ZSCAN25,Undirected,159856,,1
DPYD,METTL7B,Undirected,159858,,1
DPYD,FAM122A,Undirected,159859,,1
DPYD,CIAPIN1,Undirected,159860,,1
DPYD,RPL34,Undirected,159863,,1
DPYD,ABCC11,Undirected,159865,,1
DPYD,SIL1,Undirected,159866,,1
DPYD,DNAJC30,Undirected,159870,,1
DPYD,ALDOA,Undirected,159871,,1
DPYD,AK4,Undirected,159872,,1
DPYD,MVP,Undirected,159873,,1
DPYD,PSPH,Undirected,159874,,1
DPYD,SULT1A1,Undirected,159875,,1
DPYD,TYMP,Undirected,159876,,1
DPYD,MTHFD2L,Undirected,159878,,1
DPYD,LDHB,Undirected,159880,,1
DPYD,UEVLD,Undirected,159882,,1
DPYD,CCHCR1,Undirected,159883,,1
DPYD,ZSCAN32,Undirected,159888,,1
DPYD,RGN,Undirected,159890,,1
DPYD,DDX51,Undirected,159892,,1
DPYD,CNTN4,Undirected,159893,,1
DPYD,CDYL,Undirected,159894,,1
DPYD,POLR3D,Undirected,159897,,1
DPYD,HDDC2,Undirected,159899,,1
DPYD,CBSL,Undirected,159900,,1
DPYD,ENSG00000274276,Undirected,159901,,1
DPYD,GGT5,Undirected,159903,,1
DPYD,PCDHGA11,Undirected,159906,,1
DPYD,HMGCLL1,Undirected,159908,,1
DPYD,ATP5A1,Undirected,159909,,1
DPYD,ABCC1,Undirected,159915,,1
DPYD,WDR43,Undirected,159924,,1
DPYD,PYCR1,Undirected,159928,,1
DPYD,MRPS12,Undirected,159929,,1
DPYD,ISPD,Undirected,159934,,1
DPYD,SMS,Undirected,159937,,1
DPYD,SDSL,Undirected,159938,,1
DPYD,RAD54L2,Undirected,159942,,1
DPYD,KDM3A,Undirected,159943,,1
DPYD,MPP4,Undirected,159946,,1
DPYD,PWP1,Undirected,159948,,1
DPYD,TARS,Undirected,159950,,1
DPYD,CEP44,Undirected,159953,,1
DPYD,DIRC3,Undirected,159954,,1
DPYD,CTNNA3,Undirected,159955,,1
DPYD,DCUN1D4,Undirected,159957,,1
DPYD,ATCAY,Undirected,159960,,1
DPYD,ENSG00000250264,Undirected,159964,,1
DPYD,EFTUD2,Undirected,159965,,1
DPYD,TMEM182,Undirected,159969,,1
DPYD,NSD1,Undirected,159972,,1
DPYD,ENSG00000249319,Undirected,159975,,1
DPYD,TOP2B,Undirected,159976,,1
DPYD,DNAJC4,Undirected,159977,,1
DPYD,GTF2IRD1,Undirected,159979,,1
DPYD,GSPT1,Undirected,159981,,1
DPYD,DOHH,Undirected,159983,,1
DPYD,CNTNAP5,Undirected,159984,,1
DPYD,ERAP2,Undirected,159990,,1
DPYD,BTD,Undirected,159993,,1
DPYD,WBSCR22,Undirected,159994,,1
DPYD,CTPS2,Undirected,159996,,1
DPYD,RPF2,Undirected,159999,,1
DPYD,SYNGAP1,Undirected,160001,,1
DPYD,C11orf74,Undirected,160003,,1
DPYD,TMEM120B,Undirected,160004,,1
DPYD,CHRNA7,Undirected,160014,,1
DPYD,IFNL3,Undirected,160021,,1
DPYD,PGAM4,Undirected,160029,,1
DPYD,ENSG00000255835,Undirected,160031,,1
DPYD,PRPSAP1,Undirected,160033,,1
DPYD,WBP1L,Undirected,160034,,1
DPYD,SLC35A2,Undirected,160037,,1
DPYD,TRANK1,Undirected,160038,,1
DPYD,NME6,Undirected,160041,,1
DPYD,GK5,Undirected,160045,,1
DPYD,RPL7L1,Undirected,160046,,1
DPYD,IVD,Undirected,160048,,1
DPYD,UGT1A3,Undirected,160049,,1
DPYD,DIEXF,Undirected,160053,,1
DPYD,ZBTB20,Undirected,160056,,1
DPYD,MALSU1,Undirected,160057,,1
